{
    "model_name": "GradientBoosting",
    "metrics": {
        "MSE": 10.742506239581717,
        "RMSE": 3.277576275173732,
        "MAE": 2.4473376319531037,
        "R\u00b2": 0.49362601325430966
    },
    "all_metrics": {
        "RandomForest": {
            "MSE": 11.258840971212036,
            "RMSE": 3.3554196415965674,
            "MAE": 2.4759334760117664,
            "R\u00b2": 0.4692873281542216
        },
        "GradientBoosting": {
            "MSE": 10.742506239581717,
            "RMSE": 3.277576275173732,
            "MAE": 2.4473376319531037,
            "R\u00b2": 0.49362601325430966
        },
        "LightGBM": {
            "MSE": 10.811563470035198,
            "RMSE": 3.288094200298282,
            "MAE": 2.487075047583869,
            "R\u00b2": 0.49037083384659386
        },
        "XGBoost": {
            "MSE": 11.05656909942627,
            "RMSE": 3.3251419668077737,
            "MAE": 2.533862590789795,
            "R\u00b2": 0.47882187366485596
        },
        "AdaBoost": {
            "MSE": 12.262697324849459,
            "RMSE": 3.501813433758209,
            "MAE": 2.546925219311538,
            "R\u00b2": 0.4219681334919557
        },
        "ElasticNet": {
            "MSE": 15.114200142948315,
            "RMSE": 3.8876985663690946,
            "MAE": 3.031538497828503,
            "R\u00b2": 0.2875556585988053
        },
        "SVR": {
            "MSE": 13.84150420482112,
            "RMSE": 3.7204172084352476,
            "MAE": 2.8115880439367076,
            "R\u00b2": 0.34754725662366315
        },
        "VotingEnsemble": {
            "MSE": 11.017443071027364,
            "RMSE": 3.319253390602676,
            "MAE": 2.476547948725636,
            "R\u00b2": 0.48066620142479555
        },
        "StackingEnsemble": {
            "MSE": 13.029861450195312,
            "RMSE": 3.6096899382350434,
            "MAE": 2.669008731842041,
            "R\u00b2": 0.38580596446990967
        }
    },
    "timestamp": "2025-04-04 13:01:52"
}