{
    "model_name": "VotingEnsemble",
    "metrics": {
        "MSE": 4.656235400358265,
        "RMSE": 2.157831179763205,
        "MAE": 1.647495598012674,
        "R\u00b2": 0.5180219094911026
    },
    "all_metrics": {
        "RandomForest": {
            "MSE": 5.051889997624121,
            "RMSE": 2.2476409850383403,
            "MAE": 1.6983944701354532,
            "R\u00b2": 0.4770667534702985
        },
        "GradientBoosting": {
            "MSE": 4.688250842003424,
            "RMSE": 2.165236902051003,
            "MAE": 1.6394319755898574,
            "R\u00b2": 0.5147079143632477
        },
        "LightGBM": {
            "MSE": 4.766780401968328,
            "RMSE": 2.183295766030871,
            "MAE": 1.653342259111625,
            "R\u00b2": 0.5065791313215922
        },
        "XGBoost": {
            "MSE": 4.743439197540283,
            "RMSE": 2.1779438003631504,
            "MAE": 1.6439199447631836,
            "R\u00b2": 0.5089951753616333
        },
        "AdaBoost": {
            "MSE": 5.6193882854804516,
            "RMSE": 2.3705248966168764,
            "MAE": 1.9279627127462013,
            "R\u00b2": 0.4183236450082528
        },
        "ElasticNet": {
            "MSE": 5.734877672131603,
            "RMSE": 2.3947604623702143,
            "MAE": 1.7769091534191044,
            "R\u00b2": 0.40636906168802733
        },
        "SVR": {
            "MSE": 5.200314227016701,
            "RMSE": 2.280419747988668,
            "MAE": 1.67132064565828,
            "R\u00b2": 0.46170300561030286
        },
        "VotingEnsemble": {
            "MSE": 4.656235400358265,
            "RMSE": 2.157831179763205,
            "MAE": 1.647495598012674,
            "R\u00b2": 0.5180219094911026
        },
        "StackingEnsemble": {
            "MSE": 5.524882793426514,
            "RMSE": 2.3505069226502,
            "MAE": 1.7181744575500488,
            "R\u00b2": 0.4281061291694641
        }
    },
    "timestamp": "2025-04-04 12:54:55"
}